突っ込む,7757
間に合う,3437
落ち着く,3151
読み返す,2879
考え直す,2347
生き残る,2120
読み込む,1765
有り得る,1626
言い出す,1612
引っ張る,1514
読み直す,1472
思い出す,1234
受け取る,1174
引き出す,1163
切り込む,1151
擦り寄る,1246
乗っ取る,821
噛み合う,866
読み取る,791
話し合う,668
逃げ切る,706
繰り返す,658
踏み込む,656
使い切る,551
持ち込む,585
役に立つ,576
成り立つ,592
引き続く,521
取り繕う,453
思い込む,487
突っ走る,437
持ち出す,405
振り返る,395
噛み砕く,351
差し出す,287
付き合う,306
言い切る,324
思い直す,272
巻き込む,285
振る舞う,260
気に入る,306
切り合う,362
噛み付く,298
落ち込む,263
張り付く,241
追い込む,269
書き込む,235
食い違う,241
飛び出す,243
勝ち取る,249
付け足す,237
溶け込む,179
思い付く,189
開き直る,207
感じ取る,200
取り出す,216
思い切る,215
読み解く,196
立ち回る,185
立ち会う,198
取り消す,185
取り直す,188
取り戻す,190
割り切る,197
吹っ飛ぶ,161
振り回す,203
飛び込む,175
見つけ出す,163
酔っ払う,165
差し置く,171
気が付く,177
汲み取る,184
詰め込む,158
組み込む,181
押し出す,169
向き合う,147
張り切る,135
抜き出す,142
洗い直す,171
行き着く,134
言い合う,145
押し通す,109
差し引く,147
書き直す,120
突き進む,124
引き摺る,115
立ち合う,103
引き継ぐ,118
通り越す,106
蒸し返す,124
紛れ込む,128
放り込む,137
言い残す,123
探し出す,126
絞り込む,115
思い返す,129
導き出す,107
決め込む,119
作り出す,123
考え出す,118
打ち出す,94
取り置く,101
押し切る,118
引きずり出す,114
動き出す,105
取り乱す,102
飲み込む,117
引っ込む,107
打ち切る,105
歩み寄る,94
寄り添う,80
逃げ出す,96
書き出す,87
吐き出す,95
追い付く,92
言い直す,90
踏み切る,86
言い張る,68
当て嵌る,77
入り込む,77
打ち消す,103
醸し出す,64
取り組む,73
立ち寄る,70
言い返す,80
滑り込む,78
割り込む,82
揺れ動く,80
突き放す,85
引っ掻く,71
巻き返す,82
語り合う,75
飲み干す,51
取り込む,80
踏ん張る,87
投げ出す,78
言い争う,58
入れ違う,54
取り合う,64
乗り切る,75
立て込む,59
持ち越す,67
飛び出る,61
聞き流す,54
切り離す,63
生き返る,71
受け流す,54
捻り出す,63
取り扱う,56
考え付く,69
飛び交う,63
出し切る,44
生み出す,59
聞き返す,53
潜り込む,48
押し込む,44
吊り出す,41
取り除く,64
追い出す,45
持ち帰る,36
解き放つ,39
呼び出す,54
読み切る,43
釣り合う,50
抜け出す,61
取り残す,37
有り余る,31
申し出る,47
聞き出す,57
考え抜く,38
詰め寄る,40
取り返す,53
丸め込む,43
思い描く,32
洗い出す,47
擦れ違う,58
読み流す,43
掘り返す,50
締め切る,47
打ち込む,55
盛り込む,50
浮き出る,31
振り絞る,32
落とし込む,35
買い被る,38
出し合う,51
言い放つ,29
行き届く,38
盛り返す,53
迷い込む,51
恐れ入る,33
手が込む,45
振り向く,36
掻き回す,31
抱え込む,25
受け継ぐ,34
振り撒く,36
考え込む,51
跳ね返す,45
持て余す,30
立ち去る,37
吹き飛ぶ,46
走り出す,28
作り直す,35
申し込む,24
割り引く,33
引き取る,28
走り去る,31
光り輝く,44
隠し持つ,26
伸び悩む,36
話し出す,46
書き残す,23
降り注ぐ,18
叩き込む,31
捨て去る,28
奪い取る,26
放り出す,35
組み立る,37
吹き出す,33
愛し合う,21
抱き込む,32
切り取る,46
送り込む,34
跳ね返る,24
埋め込む,26
差し迫る,27
切り出す,37
結び付く,31
割り出す,24
信じ込む,28
切り返す,30
触れ合う,42
言い繕う,37
打ち合う,24
投げ込む,28
冷え込む,23
差し込む,21
引き込む,26
包み隠す,29
立ち直る,35
付け入る,36
繰り出す,28
指し示す,19
思い悩む,27
思い立つ,21
差っ引く,25
弾き出す,24
据え置く,23
付け込む,26
張り合う,28
忍び込む,21
轢き殺す,16
取り入る,23
貫き通す,26
買い取る,24
行き違う,20
行き詰る,24
売れ残る,18
躍り出る,20
推し量る,22
過ぎ去る,19
動き回る,26
遣り合う,16
忘れ去る,26
消え去る,26
振り切る,21
話し込む,12
断ち切る,26
引っ越す,15
切り開く,21
持ち寄る,13
生き抜く,31
刈り取る,19
流し込む,15
打って出る,21
練り直す,17
炊き込む,25
引っこ抜く,23
送り出す,16
取り払う,18
思い知る,20
助け合う,17
持ち直す,32
打ち勝つ,18
取り逃す,13
呼び込む,26
捨て置く,18
抜け出る,18
乗り出す,19
織り込む,33
見て取る,17
打ち直す,11
漬け込む,13
持ち歩く,11
付き纏う,12
切れ込む,12
立ち戻る,13
踏み出す,20
痛み入る,14
飛び立つ,16
絞り出す,17
飛び付く,20
溜め込む,14
張り出す,9
立て直す,18
押し倒す,14
走り回る,24
併せ持つ,10
突っ切る,12
売り出す,12
逃げ込む,17
連れ込む,13
思い残す,21
聞き取る,11
乗り込む,12
連れ去る,10
流れ出す,11
駆け出す,13
引き裂く,19
切り倒す,12
引っくり返す,16
見い出す,10
出し抜く,10
抜きん出る,15
引き返す,21
掛け合う,12
噴き出す,8
飛び回る,15
食い込む,20
流れ着く,12
折り合う,14
引っ掛る,23
降り立つ,7
入れ直す,16
黙り込む,10
攻め込む,11
掻い潜る,11
突き刺す,14
突っ掛る,8
馴れ合う,31
舞い戻る,9
好き好む,15
抜き取る,11
包み込む,14
詰め切る,11
突っ張る,15
飛び散る,11
打ち砕く,15
透き通る,7
突き出す,14
突き通す,17
思い当る,13
打ち返す,13
振り払う,12
消し飛ぶ,15
言い渡す,12
追い払う,14
駆け回る,9
引きずり込む,16
摘み取る,9
書き記す,6
吸い込む,28
回り込む,8
突っ伏す,12
飛び乗る,5
打ち破る,6
誘い出す,6
冴え渡る,8
押さえ込む,5
絡み合う,21
注ぎ込む,7
追い打つ,8
搾り取る,19
駆り出す,8
請け負う,10
勝ち得る,14
競い合う,8
怒り狂う,7
噛み殺す,19
差し障る,7
忍び寄る,11
逃げ回る,6
勝ち抜く,6
引き抜く,24
追い返す,10
湧き出る,15
渡り歩く,12
乗り回す,7
組み合う,5
切り裂く,10
待ち望む,12
吸い取る,6
混ぜ合う,5
貸し出す,4
吹き込む,9
兼ね合う,9
見え透く,15
掻き乱す,13
巡り合う,6
切り崩す,11
誘い込む,8
駆け寄る,5
聞き及ぶ,5
売り払う,5
突き破る,7
絞め殺す,4
洗い流す,9
乗り移る,12
押し黙る,5
引き戻す,6
切り抜く,8
使い込む,5
差し挟む,7
書き写す,8
言い回す,6
取り付く,9
勝ち残る,9
向かい合う,11
迎え撃つ,8
聞き込む,5
掻い摘む,7
書き取る,4
執り行う,8
刷り込む,17
引き離す,7
建て直す,4
焼き付く,6
駆け込む,12
討ち取る,8
引きずり回す,7
巡り会う,3
買い戻す,3
送り返す,6
咳き込む,5
打ち取る,11
押し隠す,4
聞き入る,4
降り続く,7
入り組む,7
踏み外す,9
割り振る,23
積み残す,4
売り渡す,6
打ち見る,4
重ね合う,11
切り刻む,10
知り合う,10
探し回る,5
揉み消す,4
映し出す,12
狙い打つ,11
競り合う,11
勢い込む,5
言い淀む,7
倒れ込む,4
塗り潰す,4
削り取る,3
語り継ぐ,8
受け持つ,8
寄り付く,4
吹っ切る,6
踏み倒す,7
取っ付く,5
生い茂る,4
騒ぎ出す,4
撃ち抜く,9
這い出す,3
言い寄る,10
立ち返る,21
呼び戻す,5
抑え込む,4
救い出す,5
奮い立つ,10
釣り出す,4
連れ出す,4
踏み入る,4
組み直す,5
引っ付く,7
込み入る,3
齧り付く,4
鳴り響く,10
遊び歩く,3
繰り回す,3
入り切る,2
焼き切る,2
荒れ狂う,4
立ち入る,5
拭き取る,3
分け合う,4
弾き返す,3
追い抜く,3
受け出す,2
差し戻す,8
焼き払う,7
泣き叫ぶ,5
暴き出す,2
探り出す,5
沸き立つ,3
煮えくり返る,3
睨み合う,3
頼み込む,3
盗み出す,3
選び出す,6
連れ戻す,6
問い質す,6
抱き合う,5
暴れ出す,3
知れ渡る,2
乱れ飛ぶ,3
折り畳む,3
切り落す,3
鳴り出す,2
浮き立つ,6
食い潰す,3
取り持つ,8
読み通す,3
眠り込む,6
染み渡る,8
座り込む,7
競り勝つ,6
生け捕る,2
勢い付く,3
差し当る,2
返り咲く,2
差し出る,2
流れ込む,4
付き添う,5
編み出す,6
踏ん切る,4
取って返す,2
仰け反る,3
混ぜ返す,4
突き返す,3
歩き回る,9
飛び越す,4
入り浸る,4
静まり返る,2
継ぎ足す,5
起き出す,7
張り倒す,2
追い越す,4
言い表す,3
重なり合う,1
呑み込む,4
振り乱す,1
逃げ帰る,5
繰り越す,8
編み込む,3
渡り合う,2
当て込む,2
押し流す,6
連れ帰る,1
助け出す,2
付き従う,5
燃え盛る,3
舞い込む,4
振り込む,11
譲り渡す,2
流れ出る,7
堪え忍ぶ,1
移り住む,2
持ち去る,2
撃ち込む,2
上がり込む,1
思い煩う,1
寄り切る,2
照り返す,1
駆けずり回る,3
読み出す,3
悩み抜く,4
掻っ切る,1
染み付く,6
取り殺す,1
引き篭る,1
学び取る,1
読み誤る,5
伝え聞く,2
錆び付く,3
込み合う,2
踏み抜く,2
惚れ込む,2
抱き着く,2
漏れ聞く,1
刻み込む,2
書き下す,5
澄み渡る,2
燃え移る,1
掘り出す,9
押し返す,1
締め出す,9
消え入る,2
使い古す,8
掃き出す,1
絡み付く,3
呆れ返る,1
譲り合う,3
振り翳す,1
組み付く,1
狩り出す,3
飛び掛る,5
追い回す,11
押し入る,2
削ぎ落す,2
留め置く,1
走り抜く,1
引き回す,1
願い出る,3
逃げ惑う,2
思い起す,1
取り外す,3
行き渡る,5
書き流す,6
噎せ返る,1
食い合う,5
引き渡す,5
擦り込む,2
澄み切る,4
踏み躙る,1
染み入る,2
書き起す,1
負け越す,5
売り込む,11
借り出す,1
感じ入る,1
住み込む,3
打ち殺す,1
悦に入る,1
忌み嫌う,2
立ち上る,5
吹き返す,2
申し渡す,3
持て成す,1
浮き出す,2
引き立つ,4
連れ添う,5
組み敷く,1
買い込む,3
問い返す,8
向き直る,2
伸し掛る,1
打ち倒す,3
罷り通る,1
捩じ切る,1
開け放つ,3
誘き出す,3
押し迫る,2
刺し殺す,1
焼け死ぬ,1
描き出す,1
押し遣る,1
造り出す,2
振り出す,1
伏し拝む,1
巻き付く,1
耐え忍ぶ,1
恥じ入る,2
取り崩す,1
反り返る,2
磨り潰す,2
打ち抜く,10
締め括る,1
住み着く,1
殴り込む,2
入れ替る,1
張り込む,1
薙ぎ払う,2
取り巻く,4
付け狙う,4
扱き使う,1
染み込む,5
勝ち越す,5
混ぜっ返す,5
奪い合う,5
凍り付く,5
吹き出る,4
転がり込む,4
追っ払う,4
触れ回る,4
創り出す,4
畳み込む,4
折り込む,4
申し送る,3
貯め込む,3
溶け合う,3
寄り合う,3
練り歩く,3
補い合う,2
突き出る,2
進み出る,2
持ち運ぶ,2
掻き出す,2
守り抜く,2
引っ掴む,2
閉め出す,2
勝ち誇る,2
切り結ぶ,2
並び立つ,2
泣き伏す,2
切り払う,2
焦げ付く,2
煮え立つ,2
押し戻す,1
勝ち進む,1
揉み合う,1
言い落す,1
出っ張る,1
引き合う,1
遷り変る,1
求め行く,1
突っ返す,1
立ち行く,1
奪い返す,1
捜し出す,1
落ち合う,1
立ち止る,1
読み下す,1
行き交う,1
進み出す,1
握り潰す,1
耐え抜く,1
取り回す,1
乗り組む,1
捩じ込む,1
持ち切る,1
引き攣る,1
泊り込む,1
触れ込む,1
打ち払う,1
切り回す,1
捲き込む,1
言い募る,1
染め直す,1
折り返す,1
書き抜く,1
過ぎ行く,1
売り捌く,1
運び込む,1
取り囲む,1
滑り出す,1
書き表す,1
受け合う,1
取り次ぐ,1
拝み倒す,1
咲き誇る,1
切り替る,1
読み耽る,1
飲み下す,1
取り去る,1
晴れ渡る,1
突っ突く,1
降り込む,1
挟み込む,1
払い戻す,1
