突っ込む,3580
間に合う,1724
落ち着く,1512
読み返す,1304
考え直す,1044
生き残る,1010
読み込む,867
有り得る,773
言い出す,769
引っ張る,722
読み直す,660
思い出す,614
受け取る,568
引き出す,559
切り込む,526
擦り寄る,496
乗っ取る,448
噛み合う,418
読み取る,371
話し合う,340
逃げ切る,316
繰り返す,305
踏み込む,294
使い切る,282
持ち込む,279
役に立つ,272
成り立つ,250
引き続く,244
取り繕う,242
思い込む,227
突っ走る,203
持ち出す,201
振り返る,177
噛み砕く,173
差し出す,158
付き合う,154
言い切る,150
思い直す,142
巻き込む,138
振る舞う,133
気に入る,133
切り合う,132
噛み付く,130
落ち込む,127
張り付く,122
追い込む,118
書き込む,118
食い違う,116
飛び出す,113
勝ち取る,113
付け足す,109
溶け込む,105
思い付く,105
開き直る,104
感じ取る,102
取り出す,101
思い切る,100
読み解く,98
立ち回る,97
立ち会う,96
取り消す,96
取り直す,95
取り戻す,91
割り切る,90
吹っ飛ぶ,85
振り回す,85
飛び込む,85
見つけ出す,85
酔っ払う,83
差し置く,82
気が付く,81
汲み取る,79
詰め込む,78
組み込む,75
押し出す,74
向き合う,74
張り切る,73
抜き出す,72
洗い直す,71
行き着く,70
言い合う,70
押し通す,67
差し引く,66
書き直す,66
突き進む,64
引き摺る,64
立ち合う,64
引き継ぐ,63
通り越す,63
蒸し返す,63
紛れ込む,62
放り込む,61
言い残す,61
探し出す,59
絞り込む,57
思い返す,56
導き出す,55
決め込む,53
作り出す,52
考え出す,52
打ち出す,52
取り置く,52
押し切る,52
引きずり出す,51
動き出す,50
取り乱す,50
飲み込む,49
引っ込む,48
打ち切る,48
歩み寄る,47
寄り添う,46
逃げ出す,46
書き出す,46
吐き出す,46
追い付く,44
言い直す,43
踏み切る,40
言い張る,40
当て嵌る,40
入り込む,39
打ち消す,38
醸し出す,38
取り組む,38
立ち寄る,38
言い返す,36
滑り込む,36
割り込む,35
揺れ動く,35
突き放す,35
引っ掻く,35
巻き返す,33
語り合う,33
飲み干す,33
取り込む,33
踏ん張る,32
投げ出す,32
言い争う,32
入れ違う,32
取り合う,32
乗り切る,31
立て込む,31
持ち越す,31
飛び出る,30
聞き流す,29
切り離す,29
生き返る,29
受け流す,28
捻り出す,27
取り扱う,27
考え付く,27
飛び交う,27
出し切る,27
生み出す,26
聞き返す,26
潜り込む,26
押し込む,25
吊り出す,24
取り除く,24
追い出す,24
持ち帰る,24
解き放つ,24
呼び出す,23
読み切る,23
釣り合う,23
抜け出す,23
取り残す,23
有り余る,23
申し出る,22
聞き出す,22
考え抜く,22
詰め寄る,22
取り返す,22
丸め込む,22
思い描く,22
洗い出す,22
擦れ違う,21
読み流す,21
掘り返す,21
締め切る,21
打ち込む,21
盛り込む,21
浮き出る,21
振り絞る,21
落とし込む,20
買い被る,20
出し合う,20
言い放つ,20
行き届く,20
盛り返す,20
迷い込む,20
恐れ入る,19
手が込む,19
振り向く,19
掻き回す,19
抱え込む,19
受け継ぐ,19
振り撒く,19
考え込む,18
跳ね返す,18
持て余す,18
立ち去る,18
吹き飛ぶ,18
走り出す,18
作り直す,18
申し込む,18
割り引く,18
引き取る,17
走り去る,17
光り輝く,17
隠し持つ,16
伸び悩む,16
話し出す,16
書き残す,16
降り注ぐ,15
叩き込む,15
捨て去る,15
奪い取る,15
放り出す,15
組み立る,15
吹き出す,15
愛し合う,15
抱き込む,14
切り取る,14
送り込む,14
跳ね返る,14
埋め込む,14
差し迫る,14
切り出す,14
結び付く,14
割り出す,14
信じ込む,13
切り返す,13
触れ合う,13
言い繕う,13
打ち合う,13
投げ込む,13
冷え込む,13
差し込む,13
引き込む,13
包み隠す,13
立ち直る,13
付け入る,13
繰り出す,13
指し示す,12
思い悩む,12
思い立つ,12
差っ引く,12
弾き出す,12
据え置く,12
付け込む,12
張り合う,12
忍び込む,12
轢き殺す,12
取り入る,12
貫き通す,12
買い取る,12
行き違う,11
行き詰る,11
売れ残る,11
躍り出る,11
推し量る,11
過ぎ去る,11
動き回る,11
遣り合う,11
忘れ去る,11
消え去る,11
振り切る,10
話し込む,10
断ち切る,10
引っ越す,10
切り開く,10
持ち寄る,10
生き抜く,10
刈り取る,10
流し込む,10
打って出る,9
練り直す,9
炊き込む,9
引っこ抜く,9
送り出す,9
取り払う,9
思い知る,9
助け合う,9
持ち直す,9
打ち勝つ,9
取り逃す,9
呼び込む,9
捨て置く,9
抜け出る,9
乗り出す,9
織り込む,9
見て取る,8
打ち直す,8
漬け込む,8
持ち歩く,8
付き纏う,8
切れ込む,8
立ち戻る,8
踏み出す,8
痛み入る,8
飛び立つ,8
絞り出す,8
飛び付く,8
溜め込む,8
張り出す,8
立て直す,8
押し倒す,8
走り回る,8
併せ持つ,7
突っ切る,7
売り出す,7
逃げ込む,7
連れ込む,7
思い残す,7
聞き取る,7
乗り込む,7
連れ去る,7
流れ出す,7
駆け出す,7
引き裂く,7
切り倒す,7
引っくり返す,7
見い出す,7
出し抜く,7
抜きん出る,7
引き返す,7
掛け合う,7
噴き出す,7
飛び回る,7
食い込む,7
流れ着く,7
折り合う,6
引っ掛る,6
降り立つ,6
入れ直す,6
黙り込む,6
攻め込む,6
掻い潜る,6
突き刺す,6
突っ掛る,6
馴れ合う,6
舞い戻る,6
好き好む,6
抜き取る,6
包み込む,6
詰め切る,6
突っ張る,6
飛び散る,6
打ち砕く,6
透き通る,6
突き出す,6
突き通す,6
思い当る,6
打ち返す,6
振り払う,6
消し飛ぶ,6
言い渡す,5
追い払う,5
駆け回る,5
引きずり込む,5
摘み取る,5
書き記す,5
吸い込む,5
回り込む,5
突っ伏す,5
飛び乗る,5
打ち破る,5
誘い出す,5
冴え渡る,5
押さえ込む,5
絡み合う,5
注ぎ込む,5
追い打つ,5
搾り取る,5
駆り出す,5
請け負う,5
勝ち得る,5
競い合う,5
怒り狂う,5
噛み殺す,5
差し障る,5
忍び寄る,5
逃げ回る,5
勝ち抜く,5
引き抜く,5
追い返す,5
湧き出る,5
渡り歩く,5
乗り回す,4
組み合う,4
切り裂く,4
待ち望む,4
吸い取る,4
混ぜ合う,4
貸し出す,4
吹き込む,4
兼ね合う,4
見え透く,4
掻き乱す,4
巡り合う,4
切り崩す,4
誘い込む,4
駆け寄る,4
聞き及ぶ,4
売り払う,4
突き破る,4
絞め殺す,4
洗い流す,4
乗り移る,4
押し黙る,4
引き戻す,4
切り抜く,4
使い込む,4
差し挟む,4
書き写す,4
言い回す,4
取り付く,4
勝ち残る,4
向かい合う,4
迎え撃つ,4
聞き込む,4
掻い摘む,4
書き取る,4
執り行う,4
刷り込む,4
引き離す,4
建て直す,3
焼き付く,3
駆け込む,3
討ち取る,3
引きずり回す,3
巡り会う,3
買い戻す,3
送り返す,3
咳き込む,3
打ち取る,3
押し隠す,3
聞き入る,3
降り続く,3
入り組む,3
踏み外す,3
割り振る,3
積み残す,3
売り渡す,3
打ち見る,3
重ね合う,3
切り刻む,3
知り合う,3
探し回る,3
揉み消す,3
映し出す,3
狙い打つ,3
競り合う,3
勢い込む,3
言い淀む,3
倒れ込む,3
塗り潰す,3
削り取る,3
語り継ぐ,3
受け持つ,3
寄り付く,3
吹っ切る,3
踏み倒す,3
取っ付く,3
生い茂る,3
騒ぎ出す,3
撃ち抜く,3
這い出す,3
言い寄る,3
立ち返る,3
呼び戻す,3
抑え込む,3
救い出す,3
奮い立つ,3
釣り出す,2
連れ出す,2
踏み入る,2
組み直す,2
引っ付く,2
込み入る,2
齧り付く,2
鳴り響く,2
遊び歩く,2
繰り回す,2
入り切る,2
焼き切る,2
荒れ狂う,2
立ち入る,2
拭き取る,2
分け合う,2
弾き返す,2
追い抜く,2
受け出す,2
差し戻す,2
焼き払う,2
泣き叫ぶ,2
暴き出す,2
探り出す,2
沸き立つ,2
煮えくり返る,2
睨み合う,2
頼み込む,2
盗み出す,2
選び出す,2
連れ戻す,2
問い質す,2
抱き合う,2
暴れ出す,2
知れ渡る,2
乱れ飛ぶ,2
折り畳む,2
切り落す,2
鳴り出す,2
浮き立つ,2
食い潰す,2
取り持つ,2
読み通す,2
眠り込む,2
染み渡る,2
座り込む,2
競り勝つ,2
生け捕る,2
勢い付く,2
差し当る,2
返り咲く,2
差し出る,2
流れ込む,2
付き添う,2
編み出す,2
踏ん切る,2
取って返す,2
仰け反る,2
混ぜ返す,2
突き返す,2
歩き回る,2
飛び越す,2
入り浸る,2
静まり返る,2
継ぎ足す,2
起き出す,2
張り倒す,2
追い越す,2
言い表す,2
重なり合う,1
呑み込む,1
振り乱す,1
逃げ帰る,1
繰り越す,1
編み込む,1
渡り合う,1
当て込む,1
押し流す,1
連れ帰る,1
助け出す,1
付き従う,1
燃え盛る,1
舞い込む,1
振り込む,1
譲り渡す,1
流れ出る,1
堪え忍ぶ,1
移り住む,1
持ち去る,1
撃ち込む,1
上がり込む,1
思い煩う,1
寄り切る,1
照り返す,1
駆けずり回る,1
読み出す,1
悩み抜く,1
掻っ切る,1
染み付く,1
取り殺す,1
引き篭る,1
学び取る,1
読み誤る,1
伝え聞く,1
錆び付く,1
込み合う,1
踏み抜く,1
惚れ込む,1
抱き着く,1
漏れ聞く,1
刻み込む,1
書き下す,1
澄み渡る,1
燃え移る,1
掘り出す,1
押し返す,1
締め出す,1
消え入る,1
使い古す,1
掃き出す,1
絡み付く,1
呆れ返る,1
譲り合う,1
振り翳す,1
組み付く,1
狩り出す,1
飛び掛る,1
追い回す,1
押し入る,1
削ぎ落す,1
留め置く,1
走り抜く,1
引き回す,1
願い出る,1
逃げ惑う,1
思い起す,1
取り外す,1
行き渡る,1
書き流す,1
噎せ返る,1
食い合う,1
引き渡す,1
擦り込む,1
澄み切る,1
踏み躙る,1
染み入る,1
書き起す,1
負け越す,1
売り込む,1
借り出す,1
感じ入る,1
住み込む,1
打ち殺す,1
悦に入る,1
忌み嫌う,1
立ち上る,1
吹き返す,1
申し渡す,1
持て成す,1
浮き出す,1
引き立つ,1
連れ添う,1
組み敷く,1
買い込む,1
問い返す,1
向き直る,1
伸し掛る,1
打ち倒す,1
罷り通る,1
捩じ切る,1
開け放つ,1
誘き出す,1
押し迫る,1
刺し殺す,1
焼け死ぬ,1
描き出す,1
押し遣る,1
造り出す,1
振り出す,1
伏し拝む,1
巻き付く,1
耐え忍ぶ,1
恥じ入る,1
取り崩す,1
反り返る,1
磨り潰す,1
打ち抜く,1
締め括る,1
住み着く,1
殴り込む,1
入れ替る,1
張り込む,1
薙ぎ払う,1
取り巻く,1
付け狙う,1
扱き使う,1
